study_hours,missed_classes,sleep_hours,shoe_size,grade
3.996714153,4,8.227409766,42,38.04166864805293
3.361735699,7,6.771464577,41,0.0
4.147688538,7,6.311100907,43,17.763550300198727
5.023029856,2,6.662649418,43,63.90427044037655
3.265846625,5,7.695216112,44,8.049156391237478
3.265863043,6,8.694432254,43,3.5620104484356334
5.079212816,5,6.246227513,48,37.62698925519525
4.267434729,2,7.118720544,40,49.00966416235337
3.030525614,7,7.40602893,39,0.0
4.042560044,9,5.808906392,41,5.335030366532605
3.036582307,6,7.024500601,39,15.923773735556232
3.034270246,5,5.241191371,39,3.6361602710542424
3.741962272,6,4.877139636,40,0.0
1.586719755,5,7.440095689,40,0.0
1.775082167,5,6.53935031,40,0.0
2.937712471,5,7.242736489,43,15.820377549090413
2.48716888,4,6.978526028,41,8.309723473468878
3.814247333,8,5.828319942,42,5.065992258027192
2.591975924,4,6.945694838,44,20.067726259861566
2.087696299,5,5.520278434,40,0.0
4.965648769,3,8.66916683,41,40.09873566149552
3.2742237,7,5.372835586,43,0.0
3.567528205,2,6.765057675,38,40.234037469646275
2.075251814,5,5.749274094,37,0.0
2.955617275,10,7.684505408,43,0.0
3.61092259,7,6.602282354,43,18.11749981281212
2.349006423,7,6.377599936,46,0.0
3.875698018,10,8.023841854,42,0.0
2.89936131,1,7.03531671,44,36.104362318464126
3.20830625,5,7.619973335,42,16.49254795725078
2.898293388,3,5.822408876,43,17.767415277641174
5.352278185,8,5.314219667,45,26.67566049887604
3.486502775,7,7.128649554,38,15.560291001891905
2.442289071,3,6.617384373,43,12.785803525476748
4.322544912,1,7.751721607,46,53.2298345199604
2.27915635,5,6.904109857,43,8.443948273906944
3.708863595,3,7.246090407,45,33.8920701128367
1.540329876,6,5.051940964,41,0.0
2.171813951,3,9.266124328,42,0.0
3.696861236,4,6.802909618,42,26.634141838772162
4.23846658,5,7.837104364,38,28.23963348486104
3.671368281,8,5.996689996,40,4.578255871697424
3.384351718,7,7.369611883,40,0.0
3.198896304,5,5.436586284,44,2.5471032550099277
2.02147801,4,7.542481406,44,0.0
2.780155792,6,6.572831099,43,9.74444419101701
3.039361229,8,7.035028605,44,0.0
4.557122226,4,7.837568836,42,44.64760344473361
3.84361829,3,5.520951627,44,27.23213223616422
1.736959845,2,6.178609923,42,12.601359291880154
3.824083969,3,7.548789137,42,44.3141067695076
3.11491772,9,9.517865769,41,0.0
2.823078,5,6.834301198,43,12.577911494334337
4.111676289,4,7.709363342,41,26.256626373527624
4.530999522,7,6.871634236,44,32.44514003830511
4.431280119,8,9.330694714,40,0.0
2.660782477,4,4.903334,40,0.0
3.190787624,4,7.113545254,43,24.021868729300202
3.831263431,8,5.04934716,42,0.0
4.475545127,5,3.992114115,41,0.0
3.020825762,5,7.356954464,44,18.321642247722117
3.314341023,6,7.167397355,41,10.337407542248851
2.393665026,7,6.658195675,42,0.0
2.303793376,2,6.872567092,45,29.035274553323557
4.312525822,1,10.0,45,16.38987450954287
4.856240029,7,6.690189834,45,28.32522782899972
3.427989878,5,7.612149234,41,17.330932295367404
4.503532898,4,6.220762216,44,47.3808215109764
3.861636025,4,7.35427909,40,30.18387822004027
2.854880245,3,6.71411959,40,24.593566151867297
3.861395606,8,6.507377821,37,5.113493329754324
5.038036566,7,9.182678239,45,11.531389670989178
3.464173961,1,8.412621956,40,40.00767829524748
5.064643656,2,7.164095977,42,65.71503764185404
0.880254896,4,4.234945677,40,0.0
4.321902504,6,6.566788932,43,30.56033880978036
3.587047068,4,10.0,41,0.0
3.20099265,6,6.723206,39,11.737068397364558
3.591760777,8,8.323861086,43,0.0
1.512431085,7,8.730330882,39,0.0
3.280328112,5,7.262756699,40,22.78129980979627
3.857112572,2,5.989814042,38,42.63019635425291
4.977894045,1,4.077625202,39,25.597324956127903
2.981729782,7,7.82099585,42,0.0
2.691506397,4,6.022292797,38,14.010489234590805
2.998242956,1,7.211380542,39,31.207595792663696
4.415402118,6,5.500215592,42,14.049425352812905
3.82875111,5,6.681714951,41,20.69407763746545
2.970239796,8,7.040462866,46,1.6160661167013988
4.013267433,5,7.322312297,46,23.135438997391333
3.597077549,4,5.662213375,40,14.28506056748231
4.468644991,10,8.436293139,43,0.0
2.797946906,7,6.283726258,43,0.0
3.172337853,4,4.990636647,41,5.039371461152447
3.107891847,8,6.869171896,39,5.575510962249436
2.036485052,5,7.041250371,42,1.56717641877878
3.796120277,5,7.19270732,42,27.744564379043187
3.761055272,5,8.634558884,41,13.502548088651446
3.505113457,2,6.716261396,43,33.22392031681903
3.265412867,3,6.856456451,40,25.46261720897812
2.084629258,4,5.676178743,40,0.0
3.079354677,9,7.984664203,42,0.0
3.157285483,0,7.221170877,43,44.972713901857055
2.697722731,5,6.495966727,40,6.0154080656872235
3.338714288,5,4.714390368,44,0.0
3.904050857,5,8.733294634,38,12.634765478801187
5.386185901,5,5.526784043,41,47.07184910118248
3.674577813,4,6.290466389,41,25.340978722091293
3.757550391,9,7.430013413,41,0.0
3.425554084,6,5.564130486,41,0.0
1.581228785,2,5.207788266,46,0.0
3.473486125,6,4.451262901,40,0.0
3.56023021,6,7.865196343,47,14.609533288163709
5.963242112,6,6.345776506,43,47.74647543924419
3.307639035,5,10.0,42,0.0
3.801547342,2,5.806773921,43,32.390381642676445
3.46528823,5,5.894258772,47,15.813521844330275
2.331321962,3,6.321528436,40,9.475145507918135
4.642822815,3,7.291761586,40,48.634869188146865
4.251933033,3,6.435755993,40,50.215934061898594
4.291031947,6,7.734798657,42,32.41368351805126
2.590612545,6,5.825693932,39,0.0
4.902794311,4,5.342089938,42,39.30060967412456
2.098148937,5,4.842142313,45,0.0
4.086857094,5,4.331710998,42,0.0
5.690455626,7,6.378317177,41,43.303804674545226
2.509463675,5,6.638823625,41,2.2514026199817474
2.93370227,3,6.242275567,44,29.592661089857526
3.599651365,4,8.492086957,40,11.17899738213447
2.996524346,7,8.473636252,46,0.0
1.949336569,5,6.598236415,46,0.0
3.568562975,7,4.847294664,43,0.0
2.437696286,8,6.31995387,42,0.0
3.973592431,7,6.280214327,44,12.753207464730409
2.580575766,5,6.211438045,44,4.287087589563915
5.049934405,8,6.162737315,40,21.689300034692693
2.716746708,4,6.215844525,41,15.841118362267052
3.177938484,6,6.536150061,39,3.510279450947344
4.313517217,8,6.237350681,43,19.13509751963796
2.269135684,6,7.24998701,43,0.0
3.727459935,3,7.432442459,39,32.06921106026165
4.807142754,8,5.907225895,41,19.528750047185213
1.892516765,4,8.525278391,39,0.0
3.684633859,7,5.823925238,40,2.5626229014611037
3.759882794,2,5.058639263,43,24.898690885615114
4.281822872,10,7.456933686,41,0.0
2.263049289,6,6.019110239,41,0.0
2.179543387,4,7.385549765,39,0.0943020180312697
4.021941566,5,4.115597679,42,0.0
3.796984673,6,8.67094713,42,1.1052797053102275
3.75049285,4,7.80675209,41,33.202028584600676
3.846448209,5,5.199428141,42,10.331327105021385
2.819975278,6,5.225467451,42,0.0
3.732253697,3,9.006719085,40,20.57929356572062
3.793072473,7,6.115144116,39,15.146662792829105
2.785648582,7,5.998978182,46,0.0
5.365774511,8,4.280737487,41,0.0
3.973832921,4,6.579066153,42,41.29227882238572
2.308696503,7,6.726736462,44,0.0
4.156553609,3,7.858591716,48,40.373699254532276
2.52531833,4,5.321105886,40,0.0
4.287084604,4,5.175655849,43,19.878065817647293
4.658595579,0,7.541155162,41,71.07271646167641
2.679317682,1,8.208076085,41,26.335367641744067
4.463376129,1,5.114617179,41,36.224864005159596
3.912780927,7,8.297816904,40,3.504896503378273
4.32206016,5,7.04505021,42,32.083582136043574
5.396792983,5,8.310166407,39,41.91289258094018
3.254611884,8,6.915735566,44,0.0
2.746263836,3,3.973266499,42,0.0
2.61048557,5,6.817639141,43,8.943559992408707
2.684189715,3,8.272172582,41,12.628956358371035
3.422898291,5,5.927504777,41,19.111004372304667
3.841151975,1,6.534442037,43,41.60045107213668
3.776690799,7,6.788639796,40,11.28548649709255
4.327183249,2,3.520583344,41,0.0
3.513001892,4,9.005617091,40,11.289091515519747
4.953534077,6,5.918349184,40,28.605729781206584
3.235343167,7,7.606882519,38,0.0
6.0,9,6.895958637,45,24.842718392438265
4.125667348,4,8.509142868,41,25.610960050091236
2.642842444,1,7.487267347,44,33.31078193180145
2.429107502,4,6.718090874,44,19.047456929211357
3.982472415,6,5.927781889,39,16.470142082963346
3.276537215,3,7.957420842,40,17.40713402461324
4.214000494,4,4.751870435,47,17.575514106523098
3.973237625,2,7.775068504,46,39.09946264024014
3.427171087,6,5.681146298,42,0.32170515826920454
2.653206282,8,8.502740394,43,0.0
1.985152775,7,7.193559451,41,0.0
3.053485048,2,7.772948521,43,29.10550177156565
4.356398794,6,7.098386577,41,15.911694108536512
3.714093744,9,4.897147486,38,0.0
2.254261221,3,5.967125004,39,8.05554826310749
3.673180926,8,7.806867205,42,4.373776825040862
3.88531738,7,7.199986981,40,5.526907563966407
2.616142564,6,8.417187886,42,0.0
3.653725106,10,7.483929476,40,0.0
3.558208718,5,5.839957731,40,15.953468428045278
2.357029702,5,6.044723035,44,0.0
3.85778736,5,7.123500869,42,30.47575669475736
4.060784526,5,4.223147121,42,0.0
4.583051243,4,9.008130263,44,28.886023640156353
4.553802052,10,7.530096084,43,7.529794564162625
2.122330632,3,8.472441516,45,8.30150744297734
2.56217496,2,5.103275271,41,11.210737167978944
4.015035267,6,8.493478192,41,13.015191729318246
4.013785951,4,9.677798693,39,0.421280488523158
4.015047686,4,5.414945974,41,18.714981947263738
6.0,8,7.925682154,44,35.60899540284287
4.070890511,5,7.001331934,45,41.72363918478776
4.63556564,4,5.146679382,44,33.18503999531923
4.454001763,7,7.591460766,38,20.793476822088518
4.151391251,4,8.000323846,44,24.258855607667417
3.184730755,2,6.278648137,38,26.51184289069059
4.25896922,2,8.399099824,44,50.04610577800158
2.727174785,3,4.999883912,41,0.0
3.263181393,3,5.206292624,43,11.653752702482112
3.014636452,8,7.163916875,39,0.0
3.581874139,6,7.030462334,44,30.42958458056333
5.814658567,0,6.140111814,39,81.7739751513274
1.632734807,8,7.971513323,41,0.0
4.18626019,5,7.637073177,40,29.17999168267644
1.887284129,4,8.029766885,38,4.192178698195331
3.028068134,5,6.852236278,42,11.191413701593842
4.588950597,7,7.723096322,46,27.28903575698412
3.564280019,6,6.465219636,47,13.06580977563862
2.422255222,3,9.464582428,42,0.0
2.784696291,4,6.024945076,44,14.632603567168747
4.179597749,2,9.526356915,42,21.83227736491035
2.769633368,4,7.041865537,43,12.611350245463932
3.71645859,1,5.349386933,41,44.02331148961736
3.54557184,9,8.641695221,42,0.0
2.848399652,3,7.151081666,43,20.57500017145409
5.643944089,1,8.021348918,41,69.614791287528
4.133919022,5,8.468627102,42,17.00344212187956
1.474857413,4,7.405546665,42,0.0
3.686454315,6,6.289310986,44,14.429996739658344
2.838213535,5,8.170856053,40,9.879925218920077
4.352433335,8,7.000906609,42,14.475908024399478
2.707479262,5,7.823029382,46,9.513043708082918
3.385263559,7,4.415523311,44,0.0
4.004987279,4,7.53637806,45,28.735949747528892
4.365755194,1,6.23369701,42,56.743588271719496
2.299703593,5,8.983971565,43,0.0
3.165498764,4,7.747704817,44,17.278822609024232
3.025054689,3,7.287829295,45,21.95523845380209
2.846670767,2,7.583571992,38,34.93565357071709
5.26545424,12,5.801870977,39,0.0
3.904981711,5,8.947908029,45,12.656162495629195
2.239116046,10,9.389644502,41,0.0
4.417861947,6,7.471496213,41,27.119008774904874
5.622156197,1,8.908484282,39,56.33122261152727
4.532465261,6,6.317022162,41,35.77549564204556
1.980630034,2,6.043463721,39,17.289396984708866
3.015765927,4,7.049109698,46,16.829228434425783
4.766911149,5,7.521929246,42,43.193332861603366
2.792330534,8,6.527215983,42,0.0
3.943819428,4,7.645321828,43,31.09568888867937
4.274634053,2,7.367667378,44,48.90092472101374
2.573069528,1,5.80203187,44,30.29276833344847
3.440474644,8,7.622551621,44,1.2917347268260553
0.5,8,8.036233891,41,0.0
2.475612359,4,7.205763181,41,8.8380225879792
3.247431849,1,8.383177724,44,34.115628758895134
2.252216818,9,5.539115448,41,0.0
5.132411304,4,7.561540507,42,54.28022382889912
2.069858622,2,5.595663152,43,8.392716429915536
3.059955513,4,5.66310237,44,14.43902759710471
3.630740577,3,6.242883,38,30.637463864740347
4.941273289,8,5.86952778,43,14.781052987306442
2.064137849,9,6.342405018,42,0.0
4.663163752,4,6.743019627,43,34.16598864642994
3.510233061,4,8.004585384,44,21.53037004342746
2.518491349,5,6.614609154,45,5.2472567704813065
3.962103474,11,5.097249152,45,0.0
3.699059696,8,8.368081416,45,4.289498849527695
2.899783123,6,5.99549184,45,1.9459283350550152
3.569802085,2,6.929535487,43,33.26299228228833
3.114686403,8,7.535843808,42,2.111153682798089
3.613517345,7,7.239532502,44,7.7802622374019155
4.162130675,6,8.313015457,43,17.994450022814856
5.086016816,5,7.574803772,41,46.08522242945879
2.262184501,3,5.966428504,43,6.84496225438872
5.633033375,5,9.614274609,42,6.591905080046445
1.5479122,3,7.233200156,40,3.983132502686636
3.348214905,3,6.823191728,45,31.960976696829356
4.088317206,7,8.156710508,42,12.386599375096305
3.780991868,4,7.299341135,46,31.70996336994458
2.87730048,4,7.479073832,39,18.750507015958664
3.29187775,6,9.990620798,41,0.0
3.006999065,6,6.669854286,42,8.65096199144837
2.910635243,3,6.618686927,44,20.477096467267074
4.349602097,4,7.139894214,43,39.87763750543474
3.857015486,6,8.285819123,43,13.675144166915318
2.807090405,6,5.192159164,40,0.0
4.399599875,6,4.64133293,40,0.7989367815049175
3.807299521,6,6.295461675,43,13.50253242476527
4.312862119,3,5.039292449,39,26.575622741118465
4.129628842,5,6.490202383,41,30.166380864710625
2.671004989,2,7.602999635,43,23.755393671237762
2.93981896,5,5.931101364,40,0.6679061422286328
4.247293605,3,5.287808108,45,26.03402092903208
4.110370265,3,7.083204594,44,47.67353365874743
3.479098406,5,8.035052182,39,16.83213535536611
3.617327383,11,4.966031874,40,0.0
4.777664896,7,7.984278878,37,32.80247654781492
2.908428611,7,7.980767444,40,0.0
4.047097381,4,8.144902123,44,35.36370290933156
3.297807348,1,8.462176258,41,32.02794848547719
3.282318797,4,9.64241671,43,0.0
4.598776852,5,6.572689542,39,47.66898149029453
4.325416349,4,7.131485896,44,44.687243906198155
4.313509636,4,6.50027388,41,39.64439752317681
4.805478807,7,7.002372214,42,21.30398953606088
3.521003842,6,8.839448027,42,0.0
4.181952971,8,5.385982619,39,7.040153497736894
3.189733243,4,5.966740393,40,16.247314777151455
3.824166352,3,8.652617124,44,29.88265628328861
3.369856946,0,8.224043808,43,40.59974249505225
3.596995965,4,6.564242024,44,35.24380574615325
4.095157025,1,8.025282401,43,45.721756069793095
2.681779317,4,7.409459011,42,8.298591489520275
5.592387276,3,8.800329531,39,49.373865457034306
2.493982619,5,7.089411513,41,11.201776619499103
2.285811387,6,8.230758537,42,0.0
4.658110874,6,10.0,46,0.0
4.291662694,4,7.717718986,43,42.72475818771996
4.124119817,4,7.059193799,45,36.79279066738711
4.128345509,5,7.866936382,43,24.057959768730036
3.487753227,1,6.56166297,41,41.47937158283262
2.602745629,9,9.865561247,42,0.0
3.575804558,7,7.216085245,42,14.79299418485411
2.822838288,5,6.672480016,40,4.148146476579386
4.475119733,4,5.997173194,41,33.12486463157249
3.352942618,5,8.31666423,42,16.204651645054867
2.674502803,4,8.040624895,45,6.3624127544323965
3.178614158,1,6.403174754,38,36.81385104314316
3.912931454,3,7.691741614,44,29.60808019067352
2.936275447,7,5.189732838,40,0.0
2.677779604,6,7.22196469,39,0.0
3.743687211,10,7.543307622,44,1.9582964363121906
3.744966571,4,9.048795771,43,20.344733854572933
2.993056825,5,6.075017437,45,13.35880210303748
3.028961694,6,5.465976845,44,1.2254025431525566
3.732049937,6,5.925486447,46,14.109920483886759
2.051915659,8,5.3961178,43,0.0
2.092536226,4,8.603988829,42,0.0
2.781555779,3,8.858367154,43,17.074047903241617
3.286552848,3,7.384259894,44,33.237616952065146
3.810907566,9,8.465553935,40,0.0
4.975356217,7,7.160750057,41,30.549059170467462
4.357659623,2,6.885866023,41,51.522120819803675
3.34006147,2,6.600354857,38,41.78398048748067
3.480983792,4,6.62753081,42,34.27955972708689
2.497470635,6,5.142638132,38,0.0
3.481486864,9,7.317105716,42,0.0
3.211341361,11,6.951599308,44,0.0
3.82271856,4,7.894432869,41,28.104630414408792
2.672769056,7,7.112228196,45,5.573513193062015
4.019346514,7,6.804755558,39,18.394695780465682
5.032738913,3,5.954568364,44,43.57374813382641
3.391239852,7,7.086583884,43,8.58160905810744
3.901711722,5,7.885884677,39,26.821760181116385
4.190143992,2,5.627993211,47,37.44387672151245
3.098779528,9,7.104968504,42,0.0
3.724092482,6,7.279651542,40,14.605420609690974
3.512592401,3,6.13832226,39,29.983971058209693
3.597676099,6,6.294572434,42,20.430397175008146
2.726990216,3,7.276733019,42,23.223067331239758
3.524510174,2,5.639894778,42,43.82466229501085
3.997998291,8,7.419908458,41,15.00392238485907
4.951143608,4,5.925574752,43,47.436851023297415
4.459270826,5,8.275424432,41,26.55113848809595
5.653182458,4,9.805393294,38,19.91807535279083
2.732652437,3,5.967091838,42,13.569333657372404
4.372320637,4,7.641049435,37,44.96891544581622
3.683342006,3,6.127909714,43,30.76126577528488
5.689802933,11,8.249145009,40,7.191642956361254
2.691701715,6,5.481689909,42,0.0
2.660278158,5,7.57670411,45,3.5412188950840404
2.900607355,5,5.95241324,40,4.921577964665991
1.376104276,5,6.751618493,44,0.0
2.974244978,3,5.76276967,41,27.829868137854064
2.740867338,6,7.986820565,46,0.0
3.650393786,4,5.995623575,41,16.60813390153746
3.841755976,5,7.662357111,40,19.219134346938308
5.376170839,3,6.587082366,43,60.615623096624944
4.450423838,7,6.862633154,41,20.997612949122068
2.923096344,3,7.177307089,40,34.74526938395162
2.601585329,6,6.085810394,41,0.6577574007564435
3.991919172,7,7.252440536,42,23.75259239438372
2.179766793,1,8.836401477,45,8.963447543483818
5.331458766,6,6.066286257,38,36.92379607762599
4.679440121,4,8.406172172,42,37.8013794037198
3.030824348,2,8.79771716,43,20.556791285509902
1.786865471,2,6.020614013,42,16.360300659953616
4.853872374,5,5.253934474,45,32.14665139064262
3.385460155,5,7.36235308,42,18.315134827003455
4.737816312,3,6.343110973,42,48.11690561240129
1.905572341,5,9.242323863,43,0.0
2.900624977,11,7.041769049,42,0.0
3.5052437,2,6.03736071,41,39.67513823981629
3.546980594,6,5.623408587,43,14.282713886626265
3.049934529,5,8.307885951,41,9.688781690785028
4.122849932,3,6.314579231,41,40.78371984751609
2.432379571,4,7.052594559,41,8.512606953207028
3.357620515,10,8.146963294,45,0.0
3.620295632,1,6.418889978,36,46.95806308891286
4.014438834,8,6.944885406,43,19.429336747558423
4.211614878,3,6.980117908,42,44.02174257558542
2.375357908,5,7.819989414,39,2.0085282488212384
1.965885829,4,7.708893203,43,0.0
4.777676822,11,6.735863522,43,4.6723207893381415
3.832314012,3,7.076378874,43,42.354993921184956
2.751513463,4,6.553865186,37,15.54733247761014
5.051151976,3,5.226865112,45,40.51283367585481
3.615674634,3,7.309121029,41,37.89046510043827
4.679297184,8,9.270630113,43,0.0
3.567518481,1,5.939537031,43,33.92870668173268
5.560747925,5,6.072364348,40,49.43474481147063
5.255340842,7,5.955126674,43,33.314313325745424
3.251035852,3,7.869510134,41,28.26317955795672
4.471570951,7,7.538182545,38,29.959140451874035
4.14537595,5,6.809754769,44,36.966223334460715
4.868631558,7,5.898377126,40,19.62466131037001
2.535076539,5,7.11085215,40,12.031175451593047
4.18605146,7,5.122453447,41,10.711408788336865
4.558424487,5,7.17211188,43,39.05456152792615
1.741260514,4,8.045829263,42,0.0
2.316741487,5,5.498561036,43,0.0
1.460767822,11,5.160978068,39,0.0
3.230593166,7,8.89532547,41,0.0
4.217542256,6,6.265888433,42,36.42732079015031
5.002357052,3,8.363137415,46,48.54782659153185
3.57409478,0,6.815202802,42,50.378179346525116
5.128615546,10,6.80565422,44,23.674803656177556
2.119898542,5,7.526095239,42,0.0
1.796617561,5,5.939201372,41,0.0
3.444452301,3,7.158996572,42,30.32620354639698
3.884065449,4,6.542212702,42,33.89854120523753
3.467305252,2,5.415407868,43,28.724951513770144
1.4325579,2,7.40497849,45,3.0671676039231315
3.41087996,7,6.684030632,43,14.202498610193754
2.195530499,3,6.811570206,44,10.6918516708927
4.169672549,1,5.547806868,40,43.989328698109475
3.866598246,3,8.909680441,41,14.31317816237806
2.560120214,7,8.052057024,41,0.0
2.986133083,5,8.156987061,43,4.808344477436609
2.440786478,5,6.633466357,41,10.658664732059425
3.437320903,4,4.924980533,43,3.48808543009568
4.455142321,5,9.343500859,40,6.9308157888847886
2.514273954,5,6.92668299,42,5.459555458192204
4.004046516,3,6.101440245,43,47.159651410700334
2.969742382,3,7.500161889,38,27.423777397956727
2.707127168,6,8.400544946,46,0.0
3.39296964,6,6.972339333,41,14.340838424391006
2.464757678,4,8.534290202,38,6.705999440158818
2.946350695,9,8.299599926,42,0.0
2.302122107,6,5.708342575,42,0.0
5.464725133,5,6.191451873,42,51.88148837640727
3.535263552,5,8.149044596,44,10.707487766588455
2.800274492,4,3.744864923,43,0.0
3.713979911,10,6.820653168,43,0.0
3.38767195,6,5.283002558,43,0.0
3.2790304,2,6.428135438,42,45.799896420298246
4.1141667,4,6.641415893,46,34.90767307318278
4.25750771,3,6.570106747,39,47.4771321870485
2.969498852,2,6.337286497,42,25.54049699496607
2.924181759,5,5.68342762,42,1.812646027809457
3.224948303,6,9.75029352,44,0.0
1.198078835,5,9.240954405,40,0.0
1.984808938,10,5.605521016,39,0.0
4.866874267,5,8.898540102,42,22.707819382800352
5.144967714,5,6.520641411,43,52.54140627021664
3.25096396,4,7.155024968,45,21.537938627238983
4.076556963,4,6.924071248,39,38.86762190766955
3.811250155,3,6.20830163,44,29.501309589759508
6.0,6,8.180622812,47,47.34870747837915
4.619574911,4,7.151063837,41,37.646748721478374
3.372082409,2,6.428138292,39,39.311410865510496
2.544459559,9,5.434492667,41,0.0
1.89355368,5,5.927685984,42,3.493202849816196
3.703463636,9,5.030343861,43,0.0
2.743649255,5,7.014668258,41,9.125272228101885
2.07774629,5,5.564001289,45,0.0
2.853427116,1,6.681327385,40,34.58701058489927
2.418451996,5,8.644122224,39,0.0
5.187141635,8,8.439159488,44,28.15645136469771
4.381639757,6,6.961267727,37,28.720592194220817
3.492027359,2,6.895498329,42,37.20554767491225
4.979944139,5,9.255849459,48,24.817965464710923
3.577368308,5,7.624907344,42,23.255681317536578
2.638715799,4,6.606632248,40,23.507901606974702
5.023124077,6,5.288778259,42,22.09908999623029
4.038910044,5,7.472647862,42,37.698187886543266
2.462753846,6,7.995188527,42,0.0
3.309661322,5,6.242018171,43,11.306640547040828
2.624381747,4,7.349443306,40,10.837189164910372
2.117200269,7,6.563712046,45,0.0
4.426177548,5,6.779161121,42,36.954391588317556
5.40941664,7,4.014613531,43,0.0
2.101432426,6,6.733862316,41,0.14921379757474185
4.062969237,4,8.163243163,45,33.909452756065185
2.849357431,8,6.242316933,41,0.0
3.012874616,4,7.063031642,43,25.262781423444693
2.907606076,3,6.092859152,40,20.574853177494326
2.63600923,5,7.432530012,40,2.719187961812823
3.548521628,10,6.740172163,43,0.0
2.669049884,6,5.872910151,41,3.7308141021616112
3.770456826,4,8.599061761,40,24.43476186038852
3.449761891,3,8.114718416,41,32.70341814837539
3.261051953,3,6.274111883,43,29.795876427085283
2.592436338,5,7.597345971,41,8.331735274066071
2.923228669,2,7.644894403,42,28.892342367775264
4.255391226,6,7.770761482,42,27.830195324926855
4.000917188,2,4.966892925,38,23.935346833447085
2.522444755,5,8.207927849,39,3.2551084169404003
3.599332305,2,6.316361244,43,39.81887367200644
4.251387123,6,6.57060648,41,26.899088172580445
1.830594719,3,10.0,44,0.0
4.043360192,5,7.362248057,44,27.01849077129322
2.837376241,2,6.536413029,43,31.728949570382625
4.070598669,6,4.353646753,46,0.0
2.736740843,6,8.667716961,42,0.0
1.695117899,7,5.385748395,43,0.0
1.872457562,6,5.795873316,41,0.0
3.548084947,6,6.602377241,47,17.286783102071553
3.759722502,4,8.69969415,46,29.45022406301361
2.595683375,4,7.927887984,42,14.076515984745726
4.138592459,7,6.810594988,43,8.732452441569626
1.838479938,5,7.369950476,45,0.0
3.433920201,5,6.279537169,42,23.848042164139223
2.2889838,8,7.167584427,41,0.0
2.848163892,4,7.088004094,44,16.250035616035703
3.547398671,2,8.162523875,42,32.898961203723886
2.639586635,3,8.160613747,42,20.729970261442368
3.115444456,4,7.592772859,40,24.219407116605584
4.506292809,6,6.565182931,39,28.027540300350108
2.92310813,9,7.890186753,42,0.0
4.335692112,3,6.889637841,44,42.002490066224944
2.370293145,5,5.701702758,42,0.0
4.029804178,3,6.51605465,45,44.136420958360695
4.941568621,2,7.101432381,41,63.48128757655893
1.0283555,4,8.09225894,40,0.0
2.703104745,9,6.779766193,42,0.0
4.077072127,4,5.548961547,42,26.14753795329523
3.296954614,5,7.06809002,44,13.026716511936117
3.871145873,8,7.136147248,40,8.381314210604511
2.896014813,8,7.223005155,45,1.3681160321250108
3.586589787,5,8.103845819,46,14.311223104117703
3.344322765,3,8.222707888,42,32.61629188969099
4.667782062,9,6.286946953,44,18.58019164915159
3.754420843,2,6.26062785,40,42.85008862673152
3.837602662,8,5.751761547,44,0.0
3.088123034,7,7.838578804,44,7.068992018374573
3.012393776,6,8.73858413,44,0.5745615310198309
3.067441812,9,6.621901687,42,0.0
3.894452142,3,6.710283322,36,40.75031750069224
3.079015519,6,8.760139068,41,0.0
3.789774857,7,7.606669424,41,0.0
5.575400799,7,7.523482846,40,42.66259059206655
4.371124703,5,5.570900193,42,22.17918478083948
3.173976468,5,7.814473683,41,16.26278496259001
4.701213922,1,5.885036391,40,52.903880651102426
3.091924627,7,5.639175777,40,0.6016777702211416
1.461875465,4,6.583874108,41,0.0
2.491913689,7,6.297048732,44,0.0
1.629208079,5,6.734080367,41,0.0
3.148486516,5,5.270822039,41,1.931314802819775
3.518418379,3,8.150579568,41,25.2813653977496
5.176437312,5,8.353223553,43,43.47322246280746
3.826927374,5,4.663189031,43,3.0341356972191686
3.280899471,4,8.174149367,36,15.32398609159874
4.329405581,3,6.027365644,44,43.52287724464412
1.288864691,3,8.028370644,45,8.9384584818346
3.735614558,5,6.917864209,40,27.77131858330379
4.270865194,10,7.034530677,40,12.104553865689823
2.021413754,2,6.777882821,41,14.556376397867187
4.643754043,5,8.454555045,40,20.56317942666649
3.838496407,3,5.512494385,42,29.208030377450743
3.084712086,4,7.729408406,38,22.948913949909816
4.132781866,6,8.321596198,40,12.137255844249886
5.770692858,3,7.859608097,45,66.36259843330812
3.681866255,4,9.789638697,40,0.0
3.748220586,4,6.365263885,44,33.601786407969016
3.0406391,5,8.148765787,43,10.46056676711025
2.650155631,8,6.872691238,38,0.0
4.330335817,5,8.480087292,43,25.31643695347087
2.643916174,6,6.990773205,42,0.0
3.571566237,3,6.534549062,41,36.4560944271655
3.022342553,4,8.567286645,42,11.682152995240372
3.978979826,5,6.410125673,43,31.037211019226035
3.833662105,6,5.304729089,43,7.940030743865529
4.537539944,7,6.37978374,44,31.174249562194852
2.989983601,5,7.742839536,43,9.947182488641118
3.230125065,2,8.670446502,39,28.53728316735039
2.521236284,6,7.13335525,41,3.7833046493458515
3.05570674,4,8.581836481,48,10.931723331738654
3.877300493,2,5.370190094,43,27.449158754362696
4.256988617,4,6.468083842,47,35.860493954344236
2.577834676,2,6.653709859,45,27.859718944712146
4.36960592,3,6.862528687,42,47.29640886827141
4.855637859,4,7.100913266,43,43.41919885386731
3.913434903,7,7.829093149,42,13.695933783749561
5.376795813,5,6.466231794,39,53.7858028935929
2.726210801,5,7.166834424,42,9.070187343681027
2.255345297,7,6.945852532,44,0.0
1.721279751,9,5.888932115,41,0.0
4.996044311,7,6.863599973,43,29.52003513430261
4.154365656,6,6.827608564,44,23.69289429409517
3.444415329,6,6.801903322,40,9.569831050079667
3.779968626,9,7.038111348,41,1.6978914223260444
2.374510953,2,7.090808249,40,26.906958564241293
5.94575198,3,6.481245785,40,73.76615608500217
3.629221182,9,8.527257681,39,0.0
3.609394795,3,5.596623245,40,30.248657526743074
4.225766624,8,6.13483587,45,17.360498644421995
3.981009232,5,10.0,40,0.0
3.723884024,4,5.754410374,42,26.197562362855795
2.709525545,9,5.37549439,41,0.0
3.971468357,2,7.881372094,44,48.71446300486137
5.382024496,5,4.507456175,45,9.531459964291356
4.845420046,10,6.717671308,44,14.542568629428597
5.093186627,5,9.57498991,43,15.934557075696247
2.988784324,4,5.146076893,42,0.0
2.51039518,7,4.621642617,40,0.0
3.37421308,3,5.200982558,46,10.05831800874347
3.555724912,6,8.078031482,40,13.17938350794519
4.594191518,3,8.349732064,43,47.23172827944179
1.80753537,3,6.384893444,44,12.214948575984291
5.029550319,4,7.819854885,41,48.51176008299286
3.341992101,1,8.668306393,44,30.324454038614565
3.07311893,2,9.144815697,44,13.654715025641016
2.487895625,4,6.704397663,45,22.440739266015843
1.845143328,5,4.238233939,41,0.0
4.323170584,8,6.014945293,39,15.915522325491828
3.573317967,7,6.487834966,41,11.489741004951513
2.2100391,7,6.689273444,42,0.0
2.204921228,2,6.774568719,42,29.783764147807346
3.164215301,6,8.342673518,41,0.0
5.169021525,8,8.529314112,38,15.600696836722763
3.240408649,6,6.793991615,43,13.205916757926785
1.996857047,4,8.318181851,46,0.0
3.254256936,4,7.42919364,43,17.473231136759637
3.22727643,4,7.077407167,43,31.448122301525963
0.803113357,1,8.087852989,43,0.0
3.445705133,6,7.086702458,43,8.45421739893394
3.26906547,8,9.469373413,44,0.0
4.196206365,7,5.2739066,43,3.9840158648902246
5.348956095,7,6.381794921,41,37.16106718412375
4.62656503,6,6.848177324,40,34.37330275983758
3.231111309,6,7.527343229,42,8.10863123719195
2.393474091,4,8.521552585,43,6.981019699996596
6.0,3,6.970721719,41,76.88715401749025
3.559218434,6,5.293324421,43,0.0
3.513929292,3,8.011016676,43,30.655650444190705
3.475874913,10,7.905950519,44,0.0
3.698084761,5,4.669769609,45,0.0
3.355639588,6,6.99543504,42,11.11169883162182
2.926337993,6,5.091829803,39,0.0
2.953141059,4,6.202418683,41,14.932240699201374
3.46724673,6,5.916629288,42,10.602374317984635
2.956575229,5,7.971117638,38,11.664557035712606
2.787154217,3,7.140196209,45,19.19688432694194
3.606430228,2,5.457290799,42,32.23434214977826
3.245022783,3,8.056079156,43,38.94869488323232
5.003992989,2,5.279433011,45,58.218073586332785
0.849030192,8,7.396136549,41,0.0
4.591506852,7,6.023187197,43,19.518027276114577
4.746085192,4,6.561187501,42,42.15450050214241
1.426609768,3,7.605124898,42,0.0
3.157312406,3,7.625739279,40,26.844094077873528
3.128559134,6,8.604362888,45,0.0
2.092488305,5,6.90129556,41,1.4692713556292363
2.722183312,1,7.367741036,43,37.16542542263876
2.389424155,8,6.474715213,38,0.0
5.252270443,9,7.218387859,44,26.9658436302453
4.435678393,4,7.527383258,44,43.60363690959247
4.771555095,7,6.882028183,42,25.006283824993154
4.221672064,3,4.835499419,42,22.981302653521393
2.370948229,7,7.397765076,43,0.0
2.975479734,5,7.437473773,47,15.007734540134656
3.989374561,6,6.183791828,38,23.909674011710074
2.277872191,8,5.458735557,44,0.0
4.21299843,2,8.771054981,40,34.78108732330211
3.259674602,4,7.589734613,42,25.940476059839565
3.125179192,9,6.725102763,42,0.0
4.210959968,4,5.63556054,41,35.88758845666557
3.944263311,4,6.013822206,42,25.20579826383045
3.139033834,3,8.563108476,40,21.572844695634565
4.659329803,4,7.165194329,44,49.44436563603275
2.418936672,4,6.33929552,38,16.296273047582194
4.115935607,6,7.611627077,43,22.571979521828375
4.093101258,7,6.022722175,41,12.79957552182204
3.190453561,3,8.801011636,40,10.243565894486373
3.826133022,6,8.623360642,42,14.962188313656876
2.248886424,8,6.440111115,39,0.0
4.424027019,7,6.245595704,42,22.894252264585397
3.315097864,3,3.858240162,39,0.0
2.977276979,4,5.222103074,43,7.3273578901987895
4.549009226,6,5.39263627,40,16.620458607099525
2.795656309,8,7.162228409,41,0.0
2.091538704,3,6.608519555,43,6.16476765670637
1.943370826,4,5.385597415,40,0.0
4.106009951,3,6.662603149,42,40.81983880317869
2.219570648,8,7.606404577,39,0.0
5.254794182,1,7.63340722,43,71.04303653940879
1.418070592,3,4.720395663,46,0.0
5.196456368,7,6.846083823,48,39.34899103089782
3.711017467,5,5.339991068,42,12.519600866081701
3.403286888,9,8.082074437,44,0.0
2.955080913,5,7.9409757,38,11.001428646157368
3.899136114,4,5.922367328,45,23.752719611958522
3.462365298,5,6.080745757,44,18.544384989387535
4.603301882,7,6.446479539,41,23.465367029446803
3.614227649,3,4.296647926,44,5.172278600427572
3.650301761,6,7.403161808,41,12.890302654509775
3.136387788,7,6.672586544,41,3.371759285503847
3.443054376,4,8.164210099,43,28.32203634936537
3.807801769,4,5.681908938,40,34.79017132933318
1.789831607,4,6.257052462,44,0.0
2.151814578,3,5.19216969,40,0.0
4.243264094,4,5.794851324,40,31.98474587302392
3.670865438,2,5.581621605,40,36.30379032559527
3.316016664,7,8.195168415,44,3.2237025812041344
3.518433933,6,6.162085781,41,17.624962033264282
3.847581705,7,7.149010822,39,15.208749083267724
2.96024032,5,6.543083915,41,11.172622046627108
2.721695275,4,5.476641681,42,3.7147843728709575
3.695845255,5,6.798039492,40,23.536687562613878
2.521627222,4,7.718923998,40,9.767639097824498
3.908252756,7,5.550688729,46,6.655402660403425
1.797416396,5,7.970935349,40,0.0
4.529155637,6,5.980334894,41,20.860118013482175
3.972597482,5,6.420419289,41,35.26234589684689
3.756029734,2,7.636819748,41,43.27373097209591
4.482690984,4,6.203876611,43,33.50887864373819
5.165474444,4,7.045089831,44,47.62165164837074
4.514370065,6,6.622371005,41,38.40608785509583
1.659125769,11,7.155241608,40,0.0
2.220423033,6,4.143113073,45,0.0
2.875181422,8,4.804381822,42,0.0
3.52609105,5,7.739160407,45,21.279182936704263
4.01765902,3,8.244617687,38,25.569741915232928
2.774256187,5,5.907415956,42,6.689071735016733
3.686766764,1,6.707165977,46,51.2282173252882
2.744617068,8,7.353663103,41,0.0
2.888482197,6,7.831861122,42,1.1279506243698134
2.093338903,4,4.566787274,43,0.0
2.576766754,7,5.936751704,41,0.0
2.148315394,1,6.600904744,41,16.4300420407954
2.524126747,7,7.843768237,41,3.7494284247761787
4.553641797,3,9.99811658,41,5.641946482862539
2.550601111,9,6.726393128,44,0.0
6.0,4,5.311627045,43,57.724622468816655
3.993317901,2,7.482721693,43,47.51182186808759
3.684836124,4,8.585194947,44,27.91200926937134
2.64164222,6,7.129616945,41,0.8498305239445334
4.200309879,2,5.912021746,40,46.2686515180207
2.924362174,1,8.14959273,41,25.11451854360908
3.622009815,7,7.796254742,42,5.573479886753546
6.0,7,5.768702987,40,43.731858772900914
3.4039401,6,7.457710741,41,12.195164006867882
4.649273326,8,8.196718681,41,10.171199703560887
2.796823575,7,8.418268051,46,0.0
3.46501151,5,6.92026123,36,18.863905262041246
5.270800636,6,6.570304665,42,43.02609931874824
2.873032942,6,8.472728586,45,0.0
5.312448558,7,5.547807396,42,32.32160681908192
4.207751935,6,7.526295149,44,27.283101470857794
2.937533224,3,5.355968047,42,11.435681877367095
4.132407739,3,8.278451527,41,39.28413986285853
4.47255445,1,6.690345381,38,65.69004889202073
4.121809962,5,8.522299883,42,19.19911526292254
1.92977528,3,7.589695308,40,10.923728661514863
2.772862824,9,5.532135724,40,0.0
3.252481364,8,8.709553278,41,0.0
3.425566571,4,8.86149432,45,11.04778090577071
4.120672098,2,8.058743791,47,41.55997951655338
3.677701001,3,6.086094562,42,37.09283285029024
2.164655641,2,6.632783255,41,22.36548599428613
3.880197851,4,7.174512661,40,28.083564605804895
4.110585745,4,6.155547521,43,30.67284159975522
4.059790448,5,9.030815887,46,10.897039163759427
4.580780726,8,7.173191766,42,16.618795379309354
4.333922155,6,3.755982343,37,0.0
3.959180079,3,7.407226975,43,47.006039244582865
3.429834289,5,6.582211124,44,24.899399220971837
1.839039066,6,6.910088133,39,0.0
3.929618219,3,6.557656761,42,34.35639948439369
3.707687687,8,7.9684557,43,0.0
3.771578837,8,8.343625334,42,0.0
2.223251424,5,7.339663795,40,11.458676125387447
2.41894346,4,6.592826575,44,6.227085890496704
4.553152853,2,6.950395354,41,52.6926335734489
3.460444846,6,7.02351954,39,13.976248356166847
4.181500697,5,6.037083952,38,31.524119456928435
3.528318376,6,7.694714378,45,9.9822232335353
3.529756139,7,7.552050789,43,9.507958195875068
4.438283806,3,8.848529488,42,32.554365722156305
2.983955272,9,8.506419736,41,0.0
3.596120777,2,6.177190099,41,38.17901268625817
3.037724711,0,7.984358049,40,34.02560558301934
3.065503773,6,5.85885594,41,14.804165293526152
3.190827877,4,7.835118521,38,31.425806932335945
3.722133772,6,6.380062961,41,16.939307907672397
3.021251378,4,5.772096132,41,14.96823300337505
4.755756126,5,7.336054411,43,48.807819076311624
2.605392698,2,3.790519446,42,0.0
3.313128356,5,4.898829311,44,0.0
3.060268942,4,6.787009739,45,25.711579588355328
4.946977884,3,7.09893012,44,68.92836721315514
3.696554777,5,6.556817476,43,27.964326872359496
4.531844539,3,5.104676442,42,37.58453935700648
2.014439627,3,6.018529789,40,4.193545373668285
3.767050266,4,7.469451193,43,34.07769712746751
4.389630796,8,7.698138125,45,20.290533234272814
3.582283989,5,6.980532259,43,20.558761925508453
4.565480375,4,8.388200537,46,41.47527596070415
2.98271155,4,7.476876428,39,17.810897490680937
4.90934744,4,6.103053215,40,51.362656804267104
5.798898124,4,6.663397536,44,62.63326809964493
3.13716144,7,5.316560611,43,0.0
3.054497479,8,6.870233212,45,0.0
4.953384477,7,8.334520743,42,20.414863656239763
5.079572146,3,7.822348102,40,55.59232718111122
2.977139973,6,8.682411191,42,0.0
3.079813183,6,6.636537707,39,5.395879656571492
3.218215391,4,8.615319753,40,11.297866751734032
2.155549489,6,6.768034928,44,0.0
2.581348054,9,8.765902099,44,0.0
2.495859233,6,6.973771903,43,0.0
2.732202435,4,7.848677649,39,17.69905740465392
3.465315113,6,8.770134837,41,0.0
3.734214733,7,6.767886846,40,7.383898596435722
5.050500493,4,7.262066785,44,46.292632622911185
2.501645959,3,8.54663611,41,2.2749098190308956
4.484322398,4,6.840396203,40,36.8252359206622
3.286011156,5,5.414929261,42,10.867620710030394
3.45053629,3,9.571608466,41,9.631417723801434
4.174819492,5,6.436282643,45,41.93855809645754
2.377277978,3,7.190507261,41,18.693410722259596
3.882409746,5,8.387208003,39,20.97357669338014
3.666452208,5,6.269807316,38,20.88035288406047
3.992451264,5,5.790558504,42,21.393711608637574
3.789168644,6,7.304484756,41,31.92589543371077
5.95530014,6,4.848308323,39,36.6425320401515
2.862260016,6,6.654512708,44,5.709618122159804
2.969003045,5,7.294046397,43,15.215748281392877
2.876859474,7,6.676057724,42,0.0
2.944522881,3,5.147858868,45,6.034161518758316
2.862612873,5,8.913013547,43,0.0
4.689016531,7,7.124245785,40,23.189443999435287
4.920504248,2,8.717382541,40,43.90854264709095
2.929253706,8,6.6879565,44,0.0
2.667644427,4,5.943985622,43,10.227837643672961
3.971415556,2,7.323017104,42,53.90590619298411
2.947776956,5,6.741055448,40,10.556965890726586
4.132931818,5,5.58668625,43,24.84815242105523
3.702923021,4,8.763741111,40,8.54472309688552
1.984255885,6,6.253275733,42,0.0
5.047505201,8,4.791680338,45,2.6893486285016763
5.295877673,4,8.593799265,41,42.844473734597784
2.88721131,3,6.394842381,39,26.947052206033682
3.11229844,6,6.270611329,40,0.0
3.785865391,4,4.881534896,44,12.41164486698149
3.83445679,2,9.089129784,43,18.288622242099816
4.158544273,3,5.452623295,42,25.176287896064295
5.510204539,1,7.070139377,41,67.0934775807433
3.323052773,9,8.095144387,43,0.0
2.701702755,5,7.50606032,40,13.494794864710405
2.120680772,3,6.928414826,43,14.596332339252656
2.76906996,4,4.95800097,41,1.9426457422658494
3.466873027,3,6.028330197,40,41.204661348650134
5.294557864,4,7.225360406,41,49.351868082608576
2.982388701,6,6.055391116,41,5.369378252555319
3.723787952,4,7.244031352,42,35.302355667453945
3.483577104,2,7.818092091,42,34.769363155937306
4.688393273,6,8.155003463,36,26.147841679726596
6.0,3,5.528584771,40,58.66431502844914
2.969131227,6,9.635975266,41,0.0
3.010560557,2,7.920975213,45,32.10857401011592
4.544160877,8,6.997943016,40,22.755080682195537
4.18189149,3,8.3074439,42,36.029831236697575
5.346707326,6,9.838489326,45,0.0
4.083928185,4,5.273535879,39,16.12224583174315
3.140707909,5,6.729684829,43,13.391018923835603
4.090654831,6,4.145882008,40,0.0
4.608703581,1,7.231181839,41,55.60528039483656
4.320482181,5,7.43847309,40,24.92712860347715
4.007274031,7,6.953005461,41,10.253596228518877
4.56667469,6,6.214559715,47,28.498353977949197
4.66929559,6,4.540582581,44,0.8242797120796665
4.882158991,7,7.44824042,44,27.26610672738748
4.148709888,4,8.746521381,43,24.69672647616005
3.33288192,3,6.290777853,39,26.623842599053035
3.646713686,8,7.528071915,43,0.0
4.706508967,4,5.118226824,44,27.775573585291095
2.683064329,5,7.548655676,40,7.9010279107622665
3.868673309,5,6.527941243,44,31.4207974403056
3.106661188,3,6.085098459,43,19.90356199225461
3.528744823,9,6.087563631,46,0.0
4.778451863,8,6.527666102,41,28.8189031607384
3.691099068,6,7.458919979,40,23.68747959600789
3.546436548,3,5.425404159,41,18.447749255768564
2.140143859,5,6.523461602,45,3.0884602310304654
4.246253566,5,6.950233866,38,36.441171271990655
4.145484181,5,5.681152931,38,24.55442444843559
5.663254723,3,9.155998242,42,42.07198288136327
3.192221765,7,5.975805424,41,4.693768357319913
3.719150328,3,6.196675704,42,28.65058450773295
3.749383684,0,5.82603046,44,55.115207896224476
5.07745328,6,9.158176105,41,17.674689481325643
3.404704468,6,7.663486274,38,15.463814352097552
3.779021526,4,5.876089593,46,35.283337701036544
4.10789651,5,8.327477871,40,27.365648189750246
3.686609123,9,7.240838433,40,0.0
3.053566385,5,7.308704105,44,12.320074616738498
3.694089993,4,6.586627349,41,28.546500892930162
4.57363175,3,6.100700816,42,56.15886028056478
2.473484701,6,7.405319319,43,4.11663633752014
3.632969674,2,6.345895324,44,50.51317702519009
2.799879185,6,9.180106755,41,0.0
4.695046629,6,5.476850674,45,25.621869755238528
1.976813095,6,8.843388127,38,0.0
2.941078153,5,6.866417381,44,9.163100326379352
3.877211875,3,7.358902881,40,40.95066370369331
5.065524029,4,7.99978932,45,52.59042465473799
3.434249739,4,6.243700846,42,22.21351383415828
2.944800473,5,8.037098062,41,14.041915204452858
5.381157069,4,3.750947374,43,0.0
2.0519861,4,6.13601256,44,0.0
1.301194043,5,5.891124631,43,0.0
3.94001445,5,5.495792785,40,16.054130952370098
2.997945776,5,6.742054194,41,21.608730868701432
2.478767183,7,7.462899962,42,0.17053360930791417
4.208356447,3,7.843191998,42,37.65462751259516
3.743800714,2,7.289052109,43,42.70501312474044
2.935921369,4,6.201167842,38,20.5152130370557
2.219695601,4,7.442819725,43,8.613974311149901
4.372457328,6,7.149142834,41,34.42387542192126
4.150201178,3,8.123267402,40,36.241053547904095
3.400824136,5,7.932324044,41,19.97675954368371
5.346636996,5,7.036571697,42,48.85575894103112
2.429915234,5,5.923296393,36,3.5848918128910086
1.974474829,5,6.216459813,41,4.823245433161983
2.80809193,3,6.340252768,40,24.207041271283195
3.454413984,10,6.621680399,43,0.0
3.743339449,5,7.321660513,40,12.691783047773484
3.258763942,4,7.858209268,42,29.02323739774462
3.852055397,4,6.938657568,45,27.08316065565534
2.248460576,7,7.019349745,44,0.0
4.943764604,3,7.171967566,44,54.88484019380674
3.417848822,6,6.380913624,41,19.842145065690147
4.617295832,2,5.889529291,43,54.05383955570297
3.842725346,4,4.893474523,42,3.2176955767309927
3.956753219,4,6.16582077,42,26.04594949362589
4.06976728,4,7.567774544,43,39.2443068441869
3.94770856,8,6.156506274,41,0.0
4.14272276,5,6.714631555,45,28.24042429576575
4.82915253,8,7.559717545,42,29.84270490932642
3.69652117,5,7.624827396,43,24.83304424440243
4.209003758,7,5.704560577,45,15.128847956763153
3.410264306,8,8.196471228,44,0.0
4.940117215,3,8.352820107,39,47.099720104912755
2.823607698,4,5.644180171,43,6.532099328373851
5.300940433,6,6.011395756,44,40.118425044163516
3.459842049,4,8.42930882,44,11.50448965576459
2.069224898,4,6.823775774,40,6.15653697401831
3.628104415,6,4.336266463,41,0.0
2.818948343,2,5.320382194,44,15.31970736628645
4.340643549,4,6.70075645,40,30.98582531390434
2.847376021,2,5.60434882,41,16.86005061424904
3.053816567,8,6.503891475,45,0.0
1.610459269,7,7.038875456,42,0.0
3.047693681,2,8.754705525,41,17.524726106569133
1.076120673,5,6.651455301,40,0.0
1.916097177,6,8.287050159,43,0.0
4.260414656,7,8.714512194,39,7.2517007086775465
4.285800159,7,8.721171603,42,5.781164984834827
3.925457562,7,7.341705512,43,15.726854757801513
2.533023857,6,4.644053023,45,0.0
3.452288644,5,7.552989838,43,27.029381685481102
3.496397461,5,8.258079865,41,16.7852259702998
2.341635311,8,6.902719473,44,0.0
5.003398302,7,9.093500644,41,16.74838646521961
4.377362291,4,8.031800274,40,36.916258555414586
3.279035826,5,7.681928053,42,8.209351659232105
3.526885839,8,8.303656853,45,3.2144333802998526
3.708382808,5,7.400043822,42,22.885071177143416
1.458265132,2,4.008627401,42,0.0
3.252822617,3,6.401033258,45,36.1640712296159
2.818015752,7,8.436601633,39,0.0
2.49837999,3,6.030890392,39,16.603321840439563
3.218899707,8,6.731832994,39,0.0
5.297686527,1,5.746196423,43,62.96827568305209
4.140842861,5,9.140707114,42,3.3265873107514468
2.92882101,3,9.017790949,45,3.2440674633454956
4.072582781,5,5.939357326,42,30.89329963672205
